event	time	node	configname	repetition	platoon_size
1014149	328.888023870167	Highway.node[40].appl	SimpleHighNumberPLOEG	0	2
1060078	336.164463208582	Highway.node[16].appl	SimpleHighNumberPLOEG	0	8
1095690	341.429231756365	Highway.node[42].appl	SimpleHighNumberPLOEG	0	2
1231517	361.606557499979	Highway.node[44].appl	SimpleHighNumberPLOEG	0	2
124028	119.675647069253	Highway.node[10].appl	SimpleHighNumberPLOEG	0	2
1264882	366.128839011116	Highway.node[28].appl	SimpleHighNumberPLOEG	0	4
1288440	369.02871871147	Highway.node[36].appl	SimpleHighNumberPLOEG	0	4
1311538	371.996366884277	Highway.node[46].appl	SimpleHighNumberPLOEG	0	2
13313	40.714057104803	Highway.node[0].appl	SimpleHighNumberPLOEG	0	2
1426000	387.315750291259	Highway.node[48].appl	SimpleHighNumberPLOEG	0	2
1534261	401.402215811733	Highway.node[50].appl	SimpleHighNumberPLOEG	0	2
155367	133.671134856114	Highway.node[12].appl	SimpleHighNumberPLOEG	0	2
1748202	428.055328197968	Highway.node[52].appl	SimpleHighNumberPLOEG	0	2
1770422	430.729148909334	Highway.node[54].appl	SimpleHighNumberPLOEG	0	2
180993	144.266121610186	Highway.node[4].appl	SimpleHighNumberPLOEG	0	4
1861200	441.583737028888	Highway.node[56].appl	SimpleHighNumberPLOEG	0	2
201971	151.86269404269	Highway.node[14].appl	SimpleHighNumberPLOEG	0	2
203320	152.159076425874	Highway.node[0].appl	SimpleHighNumberPLOEG	0	4
2038927	462.144942585844	Highway.node[58].appl	SimpleHighNumberPLOEG	0	2
2056269	463.96755743619	Highway.node[48].appl	SimpleHighNumberPLOEG	0	4
2080428	466.6211670341	Highway.node[32].appl	SimpleHighNumberPLOEG	0	8
2092300	467.705269117179	Highway.node[40].appl	SimpleHighNumberPLOEG	0	4
2142463	473.08480375553	Highway.node[60].appl	SimpleHighNumberPLOEG	0	2
234011	162.738498122215	Highway.node[8].appl	SimpleHighNumberPLOEG	0	4
2370294	497.577169795929	Highway.node[62].appl	SimpleHighNumberPLOEG	0	2
2382560	498.659742779781	Highway.node[56].appl	SimpleHighNumberPLOEG	0	4
244612	166.083584161018	Highway.node[16].appl	SimpleHighNumberPLOEG	0	2
2470040	507.692623742804	Highway.node[64].appl	SimpleHighNumberPLOEG	0	2
25161	55.842542658016	Highway.node[2].appl	SimpleHighNumberPLOEG	0	2
2617864	522.842058279892	Highway.node[66].appl	SimpleHighNumberPLOEG	0	2
2643290	525.25112924319	Highway.node[44].appl	SimpleHighNumberPLOEG	0	4
2751680	536.121964663697	Highway.node[68].appl	SimpleHighNumberPLOEG	0	2
275227	175.888198243973	Highway.node[18].appl	SimpleHighNumberPLOEG	0	2
2810231	541.970605880564	Highway.node[24].appl	SimpleHighNumberPLOEG	0	8
2880816	548.756944035346	Highway.node[70].appl	SimpleHighNumberPLOEG	0	2
2903495	550.870634009359	Highway.node[16].appl	SimpleHighNumberPLOEG	0	16
2941683	554.315148047631	Highway.node[60].appl	SimpleHighNumberPLOEG	0	4
3033532	563.268525267111	Highway.node[72].appl	SimpleHighNumberPLOEG	0	2
3073748	567.162575428547	Highway.node[52].appl	SimpleHighNumberPLOEG	0	4
3229775	582.100478127163	Highway.node[74].appl	SimpleHighNumberPLOEG	0	2
331810	192.663910796763	Highway.node[20].appl	SimpleHighNumberPLOEG	0	2
3428354	600.485890354894	Highway.node[76].appl	SimpleHighNumberPLOEG	0	2
3502735	607.110013015125	Highway.node[78].appl	SimpleHighNumberPLOEG	0	2
3510445	607.811003134197	Highway.node[68].appl	SimpleHighNumberPLOEG	0	4
3517801	608.288651500052	Highway.node[40].appl	SimpleHighNumberPLOEG	0	8
3711755	625.106762218814	Highway.node[80].appl	SimpleHighNumberPLOEG	0	2
3758639	629.066198044034	Highway.node[72].appl	SimpleHighNumberPLOEG	0	4
3884583	639.528703554006	Highway.node[82].appl	SimpleHighNumberPLOEG	0	2
394682	209.035696143612	Highway.node[22].appl	SimpleHighNumberPLOEG	0	2
4021003	650.689751744149	Highway.node[56].appl	SimpleHighNumberPLOEG	0	8
4029869	651.217309787686	Highway.node[84].appl	SimpleHighNumberPLOEG	0	2
4098278	656.854590623588	Highway.node[64].appl	SimpleHighNumberPLOEG	0	4
4334947	675.512203478339	Highway.node[86].appl	SimpleHighNumberPLOEG	0	2
4401330	680.426239182847	Highway.node[88].appl	SimpleHighNumberPLOEG	0	2
448181	221.919122546302	Highway.node[16].appl	SimpleHighNumberPLOEG	0	4
450702	222.272949254845	Highway.node[24].appl	SimpleHighNumberPLOEG	0	2
4589833	694.399110633219	Highway.node[90].appl	SimpleHighNumberPLOEG	0	2
4624391	696.878993094369	Highway.node[80].appl	SimpleHighNumberPLOEG	0	4
489531	231.342632147983	Highway.node[26].appl	SimpleHighNumberPLOEG	0	2
4896225	716.092615556747	Highway.node[92].appl	SimpleHighNumberPLOEG	0	2
5090603	729.275396477207	Highway.node[94].appl	SimpleHighNumberPLOEG	0	2
5166247	734.261332195309	Highway.node[96].appl	SimpleHighNumberPLOEG	0	2
51749	78.879913695145	Highway.node[4].appl	SimpleHighNumberPLOEG	0	2
5287877	742.363017924013	Highway.node[76].appl	SimpleHighNumberPLOEG	0	4
5383228	748.642112773431	Highway.node[98].appl	SimpleHighNumberPLOEG	0	2
5561164	760.212053753008	Highway.node[84].appl	SimpleHighNumberPLOEG	0	4
5599999	762.685928467688	Highway.node[100].appl	SimpleHighNumberPLOEG	0	2
5720480	770.478880570505	Highway.node[56].appl	SimpleHighNumberPLOEG	0	12
5791560	774.924551179509	Highway.node[92].appl	SimpleHighNumberPLOEG	0	4
5818281	776.549305705121	Highway.node[102].appl	SimpleHighNumberPLOEG	0	2
5822443	776.808589944829	Highway.node[48].appl	SimpleHighNumberPLOEG	0	8
5906061	781.902150137342	Highway.node[72].appl	SimpleHighNumberPLOEG	0	8
590801	253.870922451283	Highway.node[28].appl	SimpleHighNumberPLOEG	0	2
6035920	790.057440307216	Highway.node[96].appl	SimpleHighNumberPLOEG	0	4
6179946	798.992821586641	Highway.node[104].appl	SimpleHighNumberPLOEG	0	2
6253647	803.371610773919	Highway.node[40].appl	SimpleHighNumberPLOEG	0	16
6315468	807.020647057387	Highway.node[106].appl	SimpleHighNumberPLOEG	0	2
63311	86.310344771615	Highway.node[6].appl	SimpleHighNumberPLOEG	0	2
643549	264.617753615517	Highway.node[30].appl	SimpleHighNumberPLOEG	0	2
6518274	819.058932208407	Highway.node[88].appl	SimpleHighNumberPLOEG	0	4
6573158	822.206777901145	Highway.node[108].appl	SimpleHighNumberPLOEG	0	2
669590	269.535517652852	Highway.node[12].appl	SimpleHighNumberPLOEG	0	4
6715217	830.541323165861	Highway.node[110].appl	SimpleHighNumberPLOEG	0	2
692053	273.39160134992	Highway.node[32].appl	SimpleHighNumberPLOEG	0	2
7053177	849.59136598656	Highway.node[112].appl	SimpleHighNumberPLOEG	0	2
7408961	868.904854394311	Highway.node[114].appl	SimpleHighNumberPLOEG	0	2
7523719	874.957227522998	Highway.node[108].appl	SimpleHighNumberPLOEG	0	4
756785	285.81445217901	Highway.node[34].appl	SimpleHighNumberPLOEG	0	2
7593722	878.673357400704	Highway.node[116].appl	SimpleHighNumberPLOEG	0	2
7605003	879.15669825971	Highway.node[80].appl	SimpleHighNumberPLOEG	0	8
7808108	889.884317156248	Highway.node[118].appl	SimpleHighNumberPLOEG	0	2
782985	290.538232538323	Highway.node[8].appl	SimpleHighNumberPLOEG	0	8
8039202	902.041835103446	Highway.node[100].appl	SimpleHighNumberPLOEG	0	4
809574	295.133185125449	Highway.node[24].appl	SimpleHighNumberPLOEG	0	4
8114915	905.956196532607	Highway.node[120].appl	SimpleHighNumberPLOEG	0	2
819411	296.819024117754	Highway.node[0].appl	SimpleHighNumberPLOEG	0	8
8302687	915.754814785316	Highway.node[112].appl	SimpleHighNumberPLOEG	0	4
8477821	924.729650612805	Highway.node[122].appl	SimpleHighNumberPLOEG	0	2
8518782	926.781175439072	Highway.node[104].appl	SimpleHighNumberPLOEG	0	4
8720665	936.946327957209	Highway.node[96].appl	SimpleHighNumberPLOEG	0	8
873693	306.197345772695	Highway.node[36].appl	SimpleHighNumberPLOEG	0	2
8850718	943.352274165198	Highway.node[116].appl	SimpleHighNumberPLOEG	0	4
8862754	943.961349659217	Highway.node[124].appl	SimpleHighNumberPLOEG	0	2
9034184	952.389359529755	Highway.node[126].appl	SimpleHighNumberPLOEG	0	2
90634	102.652466018449	Highway.node[8].appl	SimpleHighNumberPLOEG	0	2
919847	313.9899980795	Highway.node[38].appl	SimpleHighNumberPLOEG	0	2
9264172	963.838666245843	Highway.node[128].appl	SimpleHighNumberPLOEG	0	2
9542001	977.315117772283	Highway.node[130].appl	SimpleHighNumberPLOEG	0	2
979044	323.740765987729	Highway.node[20].appl	SimpleHighNumberPLOEG	0	4
986846	324.838979017412	Highway.node[32].appl	SimpleHighNumberPLOEG	0	4
9955564	997.185907521964	Highway.node[132].appl	SimpleHighNumberPLOEG	0	2
1049702	334.104148026844	Highway.node[28].appl	SimpleHighNumberPLOEG	1	4
1078416	338.466796444347	Highway.node[40].appl	SimpleHighNumberPLOEG	1	2
1081687	338.933549215578	Highway.node[32].appl	SimpleHighNumberPLOEG	1	4
1170067	352.856720263619	Highway.node[42].appl	SimpleHighNumberPLOEG	1	2
1208666	358.769848909279	Highway.node[44].appl	SimpleHighNumberPLOEG	1	2
122268	114.672077804239	Highway.node[10].appl	SimpleHighNumberPLOEG	1	2
1338275	378.489365270031	Highway.node[46].appl	SimpleHighNumberPLOEG	1	2
1339416	378.583733472653	Highway.node[8].appl	SimpleHighNumberPLOEG	1	8
1364645	382.021457245831	Highway.node[20].appl	SimpleHighNumberPLOEG	1	4
1433981	392.171289728765	Highway.node[48].appl	SimpleHighNumberPLOEG	1	2
143705	123.998478454356	Highway.node[12].appl	SimpleHighNumberPLOEG	1	2
1458193	395.690153259512	Highway.node[16].appl	SimpleHighNumberPLOEG	1	8
1468121	396.853519655643	Highway.node[40].appl	SimpleHighNumberPLOEG	1	4
1496812	400.767502457248	Highway.node[50].appl	SimpleHighNumberPLOEG	1	2
15225	43.153632314414	Highway.node[0].appl	SimpleHighNumberPLOEG	1	2
1638115	420.121748516671	Highway.node[52].appl	SimpleHighNumberPLOEG	1	2
1703786	428.751399722714	Highway.node[54].appl	SimpleHighNumberPLOEG	1	2
1739981	433.16012407909	Highway.node[36].appl	SimpleHighNumberPLOEG	1	4
1773154	437.207942675988	Highway.node[24].appl	SimpleHighNumberPLOEG	1	8
1830651	444.452966547303	Highway.node[48].appl	SimpleHighNumberPLOEG	1	4
1875431	449.9989824047	Highway.node[56].appl	SimpleHighNumberPLOEG	1	2
1949933	459.332456295913	Highway.node[58].appl	SimpleHighNumberPLOEG	1	2
2094181	477.036139701441	Highway.node[60].appl	SimpleHighNumberPLOEG	1	2
213175	150.288388387007	Highway.node[14].appl	SimpleHighNumberPLOEG	1	2
2166481	485.760463424591	Highway.node[52].appl	SimpleHighNumberPLOEG	1	4
2294585	500.527975057353	Highway.node[62].appl	SimpleHighNumberPLOEG	1	2
231097	156.074385055193	Highway.node[16].appl	SimpleHighNumberPLOEG	1	2
2334622	504.848019821453	Highway.node[64].appl	SimpleHighNumberPLOEG	1	2
2377772	509.731185865473	Highway.node[32].appl	SimpleHighNumberPLOEG	1	8
2450837	517.523402193086	Highway.node[66].appl	SimpleHighNumberPLOEG	1	2
2514521	524.323331049073	Highway.node[44].appl	SimpleHighNumberPLOEG	1	4
2606421	534.021883983039	Highway.node[68].appl	SimpleHighNumberPLOEG	1	2
26369	56.258407031208	Highway.node[2].appl	SimpleHighNumberPLOEG	1	2
2653098	538.918980591189	Highway.node[60].appl	SimpleHighNumberPLOEG	1	4
2672255	540.838507529096	Highway.node[40].appl	SimpleHighNumberPLOEG	1	8
2720047	545.723988194475	Highway.node[70].appl	SimpleHighNumberPLOEG	1	2
272170	169.343762560045	Highway.node[4].appl	SimpleHighNumberPLOEG	1	4
2750896	548.709692589911	Highway.node[48].appl	SimpleHighNumberPLOEG	1	8
2921519	565.627145714699	Highway.node[72].appl	SimpleHighNumberPLOEG	1	2
301741	178.037172086413	Highway.node[18].appl	SimpleHighNumberPLOEG	1	2
3019622	574.848684836138	Highway.node[56].appl	SimpleHighNumberPLOEG	1	4
3049681	577.704111156985	Highway.node[64].appl	SimpleHighNumberPLOEG	1	4
3089064	581.135853772026	Highway.node[74].appl	SimpleHighNumberPLOEG	1	2
3183771	589.783722835493	Highway.node[76].appl	SimpleHighNumberPLOEG	1	2
338795	188.641456743794	Highway.node[8].appl	SimpleHighNumberPLOEG	1	4
3399263	609.208413814194	Highway.node[78].appl	SimpleHighNumberPLOEG	1	2
343014	189.599995614123	Highway.node[20].appl	SimpleHighNumberPLOEG	1	2
3493971	617.51772543911	Highway.node[80].appl	SimpleHighNumberPLOEG	1	2
3644361	630.633145624012	Highway.node[68].appl	SimpleHighNumberPLOEG	1	4
3655240	631.483882453529	Highway.node[82].appl	SimpleHighNumberPLOEG	1	2
3808930	644.481533206633	Highway.node[72].appl	SimpleHighNumberPLOEG	1	4
3887280	650.916920349188	Highway.node[76].appl	SimpleHighNumberPLOEG	1	4
3930541	654.39594747598	Highway.node[60].appl	SimpleHighNumberPLOEG	1	8
3966387	657.197128740173	Highway.node[84].appl	SimpleHighNumberPLOEG	1	2
405016	206.414257347462	Highway.node[22].appl	SimpleHighNumberPLOEG	1	2
4084855	666.72531600309	Highway.node[86].appl	SimpleHighNumberPLOEG	1	2
40975	68.816801485686	Highway.node[4].appl	SimpleHighNumberPLOEG	1	2
4348080	687.30353144786	Highway.node[80].appl	SimpleHighNumberPLOEG	1	4
4441247	694.296665701782	Highway.node[88].appl	SimpleHighNumberPLOEG	1	2
4513673	699.775262990652	Highway.node[90].appl	SimpleHighNumberPLOEG	1	2
455025	218.956412292032	Highway.node[24].appl	SimpleHighNumberPLOEG	1	2
4651192	709.9132293333	Highway.node[92].appl	SimpleHighNumberPLOEG	1	2
4845559	723.989965772997	Highway.node[94].appl	SimpleHighNumberPLOEG	1	2
5082619	740.753373265801	Highway.node[96].appl	SimpleHighNumberPLOEG	1	2
5151381	745.502174372726	Highway.node[76].appl	SimpleHighNumberPLOEG	1	8
515751	233.268669236618	Highway.node[26].appl	SimpleHighNumberPLOEG	1	2
5219543	750.028302634095	Highway.node[88].appl	SimpleHighNumberPLOEG	1	4
5264692	753.056939284723	Highway.node[98].appl	SimpleHighNumberPLOEG	1	2
539334	238.568586385689	Highway.node[12].appl	SimpleHighNumberPLOEG	1	4
5496913	768.742540324996	Highway.node[100].appl	SimpleHighNumberPLOEG	1	2
5641892	778.20063227909	Highway.node[92].appl	SimpleHighNumberPLOEG	1	4
5686668	780.913534460972	Highway.node[102].appl	SimpleHighNumberPLOEG	1	2
572939	245.777507076763	Highway.node[28].appl	SimpleHighNumberPLOEG	1	2
5794315	787.866917625016	Highway.node[84].appl	SimpleHighNumberPLOEG	1	4
5924528	796.158585593416	Highway.node[104].appl	SimpleHighNumberPLOEG	1	2
6171226	811.995633252618	Highway.node[106].appl	SimpleHighNumberPLOEG	1	2
6399599	826.191330159971	Highway.node[108].appl	SimpleHighNumberPLOEG	1	2
654939	263.754138980097	Highway.node[30].appl	SimpleHighNumberPLOEG	1	2
657805	264.267626007029	Highway.node[16].appl	SimpleHighNumberPLOEG	1	4
660074	264.5903973485	Highway.node[0].appl	SimpleHighNumberPLOEG	1	8
6655714	841.932994441946	Highway.node[110].appl	SimpleHighNumberPLOEG	1	2
6663950	842.448886344534	Highway.node[100].appl	SimpleHighNumberPLOEG	1	4
6943934	859.388140054694	Highway.node[112].appl	SimpleHighNumberPLOEG	1	2
6953333	859.891652270357	Highway.node[72].appl	SimpleHighNumberPLOEG	1	12
7046199	865.378289493527	Highway.node[8].appl	SimpleHighNumberPLOEG	1	16
72090	90.254207774807	Highway.node[6].appl	SimpleHighNumberPLOEG	1	2
7238053	876.605746901519	Highway.node[114].appl	SimpleHighNumberPLOEG	1	2
7293639	879.809930647407	Highway.node[56].appl	SimpleHighNumberPLOEG	1	12
733179	279.084134256845	Highway.node[24].appl	SimpleHighNumberPLOEG	1	4
7357102	883.409410787204	Highway.node[96].appl	SimpleHighNumberPLOEG	1	4
7441398	888.281231966026	Highway.node[116].appl	SimpleHighNumberPLOEG	1	2
748011	281.734440468046	Highway.node[32].appl	SimpleHighNumberPLOEG	1	2
7708619	903.609259641209	Highway.node[118].appl	SimpleHighNumberPLOEG	1	2
783696	288.341382059023	Highway.node[34].appl	SimpleHighNumberPLOEG	1	2
7883917	913.334663541028	Highway.node[120].appl	SimpleHighNumberPLOEG	1	2
8123155	926.443427163984	Highway.node[108].appl	SimpleHighNumberPLOEG	1	4
8210803	931.029239230098	Highway.node[88].appl	SimpleHighNumberPLOEG	1	8
8241040	932.645478521936	Highway.node[122].appl	SimpleHighNumberPLOEG	1	2
8280035	934.706478453141	Highway.node[104].appl	SimpleHighNumberPLOEG	1	4
8396407	940.895303727795	Highway.node[124].appl	SimpleHighNumberPLOEG	1	2
8640010	953.92229726023	Highway.node[126].appl	SimpleHighNumberPLOEG	1	2
875110	304.831115366427	Highway.node[36].appl	SimpleHighNumberPLOEG	1	2
8795825	962.137762487001	Highway.node[112].appl	SimpleHighNumberPLOEG	1	4
90846	99.978826744381	Highway.node[8].appl	SimpleHighNumberPLOEG	1	2
9153670	980.836223099179	Highway.node[128].appl	SimpleHighNumberPLOEG	1	2
9289907	987.832163165707	Highway.node[130].appl	SimpleHighNumberPLOEG	1	2
9312888	988.927218023063	Highway.node[72].appl	SimpleHighNumberPLOEG	1	16
935039	315.216880392945	Highway.node[38].appl	SimpleHighNumberPLOEG	1	2
93906	101.401178174954	Highway.node[0].appl	SimpleHighNumberPLOEG	1	4
9401736	993.393521633315	Highway.node[124].appl	SimpleHighNumberPLOEG	1	4
9525808	999.770493524159	Highway.node[120].appl	SimpleHighNumberPLOEG	1	4
1062935	332.61123321283	Highway.node[40].appl	SimpleHighNumberPLOEG	2	2
1155422	347.059139780208	Highway.node[42].appl	SimpleHighNumberPLOEG	2	2
120468	116.386790231426	Highway.node[10].appl	SimpleHighNumberPLOEG	2	2
1239706	359.709019138824	Highway.node[44].appl	SimpleHighNumberPLOEG	2	2
13022	41.37498922894	Highway.node[0].appl	SimpleHighNumberPLOEG	2	2
1372192	378.747013764001	Highway.node[46].appl	SimpleHighNumberPLOEG	2	2
1390117	381.042684574759	Highway.node[0].appl	SimpleHighNumberPLOEG	2	12
1410782	383.720915842683	Highway.node[32].appl	SimpleHighNumberPLOEG	2	4
1441469	387.708988739622	Highway.node[48].appl	SimpleHighNumberPLOEG	2	2
147349	127.509639484149	Highway.node[12].appl	SimpleHighNumberPLOEG	2	2
156381	131.241647182123	Highway.node[0].appl	SimpleHighNumberPLOEG	2	4
182387	140.836174967344	Highway.node[14].appl	SimpleHighNumberPLOEG	2	2
240601	160.976451448875	Highway.node[16].appl	SimpleHighNumberPLOEG	2	2
247346	162.892160661858	Highway.node[4].appl	SimpleHighNumberPLOEG	2	4
267845	169.122742697361	Highway.node[18].appl	SimpleHighNumberPLOEG	2	2
315665	183.47018040846	Highway.node[8].appl	SimpleHighNumberPLOEG	2	4
324511	185.509979244561	Highway.node[20].appl	SimpleHighNumberPLOEG	2	2
32699	64.727817075981	Highway.node[2].appl	SimpleHighNumberPLOEG	2	2
390752	203.473329450798	Highway.node[12].appl	SimpleHighNumberPLOEG	2	4
404148	206.659529361909	Highway.node[22].appl	SimpleHighNumberPLOEG	2	2
43231	72.707076004476	Highway.node[4].appl	SimpleHighNumberPLOEG	2	2
433112	213.488317186928	Highway.node[24].appl	SimpleHighNumberPLOEG	2	2
484481	225.842273076075	Highway.node[16].appl	SimpleHighNumberPLOEG	2	4
501142	229.28726802282	Highway.node[26].appl	SimpleHighNumberPLOEG	2	2
574101	245.834568993642	Highway.node[20].appl	SimpleHighNumberPLOEG	2	4
581452	247.154997308157	Highway.node[28].appl	SimpleHighNumberPLOEG	2	2
606527	252.535461697868	Highway.node[0].appl	SimpleHighNumberPLOEG	2	8
650562	261.526884407811	Highway.node[30].appl	SimpleHighNumberPLOEG	2	2
66769	88.872288493702	Highway.node[6].appl	SimpleHighNumberPLOEG	2	2
723487	275.888901494784	Highway.node[32].appl	SimpleHighNumberPLOEG	2	2
827159	294.602549927437	Highway.node[34].appl	SimpleHighNumberPLOEG	2	2
85088	98.733430877363	Highway.node[8].appl	SimpleHighNumberPLOEG	2	2
863408	300.50924267643	Highway.node[36].appl	SimpleHighNumberPLOEG	2	2
888844	304.774545898228	Highway.node[12].appl	SimpleHighNumberPLOEG	2	8
933762	311.938772876834	Highway.node[38].appl	SimpleHighNumberPLOEG	2	2
942607	313.312066023493	Highway.node[28].appl	SimpleHighNumberPLOEG	2	4
996702	322.070548993287	Highway.node[24].appl	SimpleHighNumberPLOEG	2	4
1071945	339.699406699155	Highway.node[40].appl	SimpleHighNumberPLOEG	3	2
1132942	348.917076995278	Highway.node[42].appl	SimpleHighNumberPLOEG	3	2
115463	110.443515414945	Highway.node[10].appl	SimpleHighNumberPLOEG	3	2
1250576	366.103110247378	Highway.node[12].appl	SimpleHighNumberPLOEG	3	10
1263702	367.784022920141	Highway.node[44].appl	SimpleHighNumberPLOEG	3	2
131870	117.730134773563	Highway.node[4].appl	SimpleHighNumberPLOEG	3	4
13288	38.989658451808	Highway.node[0].appl	SimpleHighNumberPLOEG	3	2
1364836	381.580849776295	Highway.node[46].appl	SimpleHighNumberPLOEG	3	2
1415459	388.294117581236	Highway.node[38].appl	SimpleHighNumberPLOEG	3	4
1446983	392.313308911308	Highway.node[48].appl	SimpleHighNumberPLOEG	3	2
1609962	413.000784917128	Highway.node[50].appl	SimpleHighNumberPLOEG	3	2
1650052	417.8716008583	Highway.node[34].appl	SimpleHighNumberPLOEG	3	4
167299	132.310222710147	Highway.node[12].appl	SimpleHighNumberPLOEG	3	2
1734046	427.853814251864	Highway.node[42].appl	SimpleHighNumberPLOEG	3	4
1771676	432.132084046419	Highway.node[52].appl	SimpleHighNumberPLOEG	3	2
1848509	441.099650851844	Highway.node[54].appl	SimpleHighNumberPLOEG	3	2
1858381	442.198490147272	Highway.node[30].appl	SimpleHighNumberPLOEG	3	8
186296	139.124657885159	Highway.node[14].appl	SimpleHighNumberPLOEG	3	2
1913210	448.517344272777	Highway.node[46].appl	SimpleHighNumberPLOEG	3	4
1991641	457.305207749542	Highway.node[56].appl	SimpleHighNumberPLOEG	3	2
2190509	479.781384195077	Highway.node[58].appl	SimpleHighNumberPLOEG	3	2
2265981	487.826458333313	Highway.node[60].appl	SimpleHighNumberPLOEG	3	2
230608	155.01971490259	Highway.node[16].appl	SimpleHighNumberPLOEG	3	2
239149	157.555889175434	Highway.node[8].appl	SimpleHighNumberPLOEG	3	4
2477799	509.422802150914	Highway.node[50].appl	SimpleHighNumberPLOEG	3	4
2486840	510.147764311149	Highway.node[62].appl	SimpleHighNumberPLOEG	3	2
2494069	510.845346627441	Highway.node[64].appl	SimpleHighNumberPLOEG	3	2
2651294	525.930690812942	Highway.node[66].appl	SimpleHighNumberPLOEG	3	2
2713683	531.705459755618	Highway.node[54].appl	SimpleHighNumberPLOEG	3	4
2790441	538.523186539994	Highway.node[42].appl	SimpleHighNumberPLOEG	3	8
28000	56.050512173282	Highway.node[2].appl	SimpleHighNumberPLOEG	3	2
2813658	540.346685653701	Highway.node[68].appl	SimpleHighNumberPLOEG	3	2
287601	173.230537447877	Highway.node[18].appl	SimpleHighNumberPLOEG	3	2
3078750	563.310504877411	Highway.node[70].appl	SimpleHighNumberPLOEG	3	2
3091894	564.36118637767	Highway.node[62].appl	SimpleHighNumberPLOEG	3	4
3178314	571.568387019495	Highway.node[72].appl	SimpleHighNumberPLOEG	3	2
3188490	572.336141184248	Highway.node[58].appl	SimpleHighNumberPLOEG	3	4
3308719	582.238315592846	Highway.node[30].appl	SimpleHighNumberPLOEG	3	12
3346705	585.135844664827	Highway.node[66].appl	SimpleHighNumberPLOEG	3	4
337237	188.356864630395	Highway.node[0].appl	SimpleHighNumberPLOEG	3	4
3436492	592.398448125881	Highway.node[74].appl	SimpleHighNumberPLOEG	3	2
3615540	606.46679969375	Highway.node[50].appl	SimpleHighNumberPLOEG	3	8
364135	196.011337045798	Highway.node[12].appl	SimpleHighNumberPLOEG	3	4
3646315	608.757141181685	Highway.node[76].appl	SimpleHighNumberPLOEG	3	2
365571	196.07012786246	Highway.node[20].appl	SimpleHighNumberPLOEG	3	2
3787841	619.503111026992	Highway.node[78].appl	SimpleHighNumberPLOEG	3	2
3927149	629.993428091191	Highway.node[80].appl	SimpleHighNumberPLOEG	3	2
4135326	645.446013790742	Highway.node[70].appl	SimpleHighNumberPLOEG	3	4
414150	208.958607930358	Highway.node[16].appl	SimpleHighNumberPLOEG	3	4
4171219	647.958278251529	Highway.node[82].appl	SimpleHighNumberPLOEG	3	2
422687	210.686824831007	Highway.node[22].appl	SimpleHighNumberPLOEG	3	2
429440	212.175159994751	Highway.node[24].appl	SimpleHighNumberPLOEG	3	2
4405379	665.053153654955	Highway.node[84].appl	SimpleHighNumberPLOEG	3	2
45003	70.067340000046	Highway.node[4].appl	SimpleHighNumberPLOEG	3	2
4701081	686.216765375317	Highway.node[86].appl	SimpleHighNumberPLOEG	3	2
4779777	691.823918324808	Highway.node[88].appl	SimpleHighNumberPLOEG	3	2
4857978	697.118339146712	Highway.node[74].appl	SimpleHighNumberPLOEG	3	4
4997904	706.83109108432	Highway.node[66].appl	SimpleHighNumberPLOEG	3	8
5002540	706.967486939625	Highway.node[82].appl	SimpleHighNumberPLOEG	3	4
5068158	711.370258933184	Highway.node[90].appl	SimpleHighNumberPLOEG	3	2
5071554	711.55551214958	Highway.node[78].appl	SimpleHighNumberPLOEG	3	4
5131649	715.611622455697	Highway.node[92].appl	SimpleHighNumberPLOEG	3	2
531909	237.15233282157	Highway.node[26].appl	SimpleHighNumberPLOEG	3	2
5490313	739.159286502614	Highway.node[94].appl	SimpleHighNumberPLOEG	3	2
5555455	743.395712503685	Highway.node[86].appl	SimpleHighNumberPLOEG	3	4
57402	78.675577916708	Highway.node[6].appl	SimpleHighNumberPLOEG	3	2
5750348	755.815013696482	Highway.node[97].appl	SimpleHighNumberPLOEG	3	2
5921113	766.45110016711	Highway.node[99].appl	SimpleHighNumberPLOEG	3	2
595671	251.169781355309	Highway.node[28].appl	SimpleHighNumberPLOEG	3	2
6107668	778.051864169364	Highway.node[101].appl	SimpleHighNumberPLOEG	3	2
646761	262.079660342893	Highway.node[30].appl	SimpleHighNumberPLOEG	3	2
654478	263.627657333758	Highway.node[4].appl	SimpleHighNumberPLOEG	3	8
699904	272.957418864391	Highway.node[22].appl	SimpleHighNumberPLOEG	3	4
719349	276.832147298847	Highway.node[32].appl	SimpleHighNumberPLOEG	3	2
836802	299.691374642556	Highway.node[26].appl	SimpleHighNumberPLOEG	3	4
884701	308.215322083245	Highway.node[36].appl	SimpleHighNumberPLOEG	3	2
886600	308.544176517469	Highway.node[16].appl	SimpleHighNumberPLOEG	3	6
908510	312.098744021293	Highway.node[34].appl	SimpleHighNumberPLOEG	3	2
91753	98.733089137341	Highway.node[8].appl	SimpleHighNumberPLOEG	3	2
979114	324.434880314744	Highway.node[38].appl	SimpleHighNumberPLOEG	3	2
987875	325.892052804156	Highway.node[30].appl	SimpleHighNumberPLOEG	3	4
1044410	323.947310191059	Highway.node[28].appl	SimpleHighNumberPLOEG	4	4
104899	107.172882981197	Highway.node[8].appl	SimpleHighNumberPLOEG	4	2
1051041	324.836718493302	Highway.node[16].appl	SimpleHighNumberPLOEG	4	8
13775	40.110830001025	Highway.node[0].appl	SimpleHighNumberPLOEG	4	2
141773	123.702777191109	Highway.node[10].appl	SimpleHighNumberPLOEG	4	2
150677	126.521690888098	Highway.node[12].appl	SimpleHighNumberPLOEG	4	2
214393	150.725482367057	Highway.node[14].appl	SimpleHighNumberPLOEG	4	2
239959	158.817788595396	Highway.node[16].appl	SimpleHighNumberPLOEG	4	2
27414	56.39395691151	Highway.node[2].appl	SimpleHighNumberPLOEG	4	2
289172	173.861072746973	Highway.node[18].appl	SimpleHighNumberPLOEG	4	2
325903	184.020096968667	Highway.node[4].appl	SimpleHighNumberPLOEG	4	4
347076	189.583344655412	Highway.node[20].appl	SimpleHighNumberPLOEG	4	2
360354	193.078430252526	Highway.node[0].appl	SimpleHighNumberPLOEG	4	8
410991	205.633895017219	Highway.node[22].appl	SimpleHighNumberPLOEG	4	2
45110	71.645606500532	Highway.node[4].appl	SimpleHighNumberPLOEG	4	2
461160	217.412005253233	Highway.node[24].appl	SimpleHighNumberPLOEG	4	2
465901	218.350709526184	Highway.node[16].appl	SimpleHighNumberPLOEG	4	4
510773	228.298313363999	Highway.node[26].appl	SimpleHighNumberPLOEG	4	2
603930	247.725024664402	Highway.node[28].appl	SimpleHighNumberPLOEG	4	2
65405	85.828899912019	Highway.node[6].appl	SimpleHighNumberPLOEG	4	2
667801	260.05507210283	Highway.node[30].appl	SimpleHighNumberPLOEG	4	2
709230	267.561779646181	Highway.node[32].appl	SimpleHighNumberPLOEG	4	2
73996	90.751210759436	Highway.node[0].appl	SimpleHighNumberPLOEG	4	4
741317	273.173313959642	Highway.node[24].appl	SimpleHighNumberPLOEG	4	4
798696	283.174702350423	Highway.node[20].appl	SimpleHighNumberPLOEG	4	4
806208	284.320564940222	Highway.node[34].appl	SimpleHighNumberPLOEG	4	2
818773	286.301293325176	Highway.node[12].appl	SimpleHighNumberPLOEG	4	4
820298	286.327789173508	Highway.node[8].appl	SimpleHighNumberPLOEG	4	4
973753	312.565084523779	Highway.node[37].appl	SimpleHighNumberPLOEG	4	2
1023156	331.568186615949	Highway.node[12].appl	SimpleHighNumberPLOEG	5	8
1073294	339.532633777551	Highway.node[40].appl	SimpleHighNumberPLOEG	5	2
1152623	351.850353676896	Highway.node[20].appl	SimpleHighNumberPLOEG	5	4
1195092	358.258216480763	Highway.node[42].appl	SimpleHighNumberPLOEG	5	2
121428	117.304035369023	Highway.node[10].appl	SimpleHighNumberPLOEG	5	2
1262163	367.861962414199	Highway.node[44].appl	SimpleHighNumberPLOEG	5	2
12731	39.27541171905	Highway.node[0].appl	SimpleHighNumberPLOEG	5	2
1418146	389.704304918868	Highway.node[32].appl	SimpleHighNumberPLOEG	5	4
1420502	389.926914722334	Highway.node[46].appl	SimpleHighNumberPLOEG	5	2
1473483	396.769827055536	Highway.node[48].appl	SimpleHighNumberPLOEG	5	2
152824	131.330473854537	Highway.node[12].appl	SimpleHighNumberPLOEG	5	2
1560011	407.941306984669	Highway.node[50].appl	SimpleHighNumberPLOEG	5	2
1649615	419.121075018231	Highway.node[36].appl	SimpleHighNumberPLOEG	5	4
1672461	421.689138715229	Highway.node[52].appl	SimpleHighNumberPLOEG	5	2
1716550	426.79719285751	Highway.node[28].appl	SimpleHighNumberPLOEG	5	4
176625	141.280483887146	Highway.node[0].appl	SimpleHighNumberPLOEG	5	4
1786234	435.06705992711	Highway.node[40].appl	SimpleHighNumberPLOEG	5	4
1815691	438.334167560677	Highway.node[54].appl	SimpleHighNumberPLOEG	5	2
1851320	442.419717602727	Highway.node[44].appl	SimpleHighNumberPLOEG	5	4
191236	146.509053086022	Highway.node[14].appl	SimpleHighNumberPLOEG	5	2
1921663	450.474702322086	Highway.node[48].appl	SimpleHighNumberPLOEG	5	4
1950099	453.592713317383	Highway.node[56].appl	SimpleHighNumberPLOEG	5	2
2192749	480.531490746066	Highway.node[58].appl	SimpleHighNumberPLOEG	5	2
2232792	484.666438480759	Highway.node[60].appl	SimpleHighNumberPLOEG	5	2
2343481	496.369952757916	Highway.node[52].appl	SimpleHighNumberPLOEG	5	4
2348956	496.853145438577	Highway.node[62].appl	SimpleHighNumberPLOEG	5	2
248939	166.709234499194	Highway.node[16].appl	SimpleHighNumberPLOEG	5	2
2548260	517.446813311892	Highway.node[64].appl	SimpleHighNumberPLOEG	5	2
2572383	519.794299482067	Highway.node[56].appl	SimpleHighNumberPLOEG	5	4
2582955	520.746277273669	Highway.node[20].appl	SimpleHighNumberPLOEG	5	8
2669535	529.016510174199	Highway.node[66].appl	SimpleHighNumberPLOEG	5	2
273007	174.309379373527	Highway.node[18].appl	SimpleHighNumberPLOEG	5	2
2758761	537.60597201673	Highway.node[68].appl	SimpleHighNumberPLOEG	5	2
2923456	553.291176594638	Highway.node[70].appl	SimpleHighNumberPLOEG	5	2
297294	181.654469998811	Highway.node[8].appl	SimpleHighNumberPLOEG	5	4
3016480	562.017836347073	Highway.node[72].appl	SimpleHighNumberPLOEG	5	2
30261	60.398915197806	Highway.node[2].appl	SimpleHighNumberPLOEG	5	2
3081482	568.102669515021	Highway.node[40].appl	SimpleHighNumberPLOEG	5	8
3125762	572.037220017102	Highway.node[64].appl	SimpleHighNumberPLOEG	5	4
321829	188.665704217259	Highway.node[12].appl	SimpleHighNumberPLOEG	5	4
3228968	581.321468157633	Highway.node[74].appl	SimpleHighNumberPLOEG	5	2
327220	190.034963919767	Highway.node[20].appl	SimpleHighNumberPLOEG	5	2
3321634	589.528129025156	Highway.node[68].appl	SimpleHighNumberPLOEG	5	4
3352277	592.106438232994	Highway.node[60].appl	SimpleHighNumberPLOEG	5	4
3406862	596.737101510639	Highway.node[76].appl	SimpleHighNumberPLOEG	5	2
3472530	602.445495582543	Highway.node[12].appl	SimpleHighNumberPLOEG	5	16
359457	198.965913408063	Highway.node[22].appl	SimpleHighNumberPLOEG	5	2
3634068	616.123099476318	Highway.node[78].appl	SimpleHighNumberPLOEG	5	2
37052	66.15968440843	Highway.node[4].appl	SimpleHighNumberPLOEG	5	2
3748070	625.676131557976	Highway.node[80].appl	SimpleHighNumberPLOEG	5	2
3891187	637.744086069026	Highway.node[72].appl	SimpleHighNumberPLOEG	5	4
4090459	654.06198175256	Highway.node[82].appl	SimpleHighNumberPLOEG	5	2
4102833	654.995687141643	Highway.node[84].appl	SimpleHighNumberPLOEG	5	2
4163590	659.761107812838	Highway.node[48].appl	SimpleHighNumberPLOEG	5	8
4220054	664.124186774459	Highway.node[76].appl	SimpleHighNumberPLOEG	5	4
4272521	668.171287504505	Highway.node[64].appl	SimpleHighNumberPLOEG	5	8
4384935	676.721098257996	Highway.node[86].appl	SimpleHighNumberPLOEG	5	2
448532	221.146464667867	Highway.node[24].appl	SimpleHighNumberPLOEG	5	2
4489947	684.532236750136	Highway.node[88].appl	SimpleHighNumberPLOEG	5	2
4585408	691.629762627378	Highway.node[80].appl	SimpleHighNumberPLOEG	5	4
4684146	698.790633294214	Highway.node[90].appl	SimpleHighNumberPLOEG	5	2
485816	229.749574115082	Highway.node[4].appl	SimpleHighNumberPLOEG	5	4
4899829	714.402067684615	Highway.node[92].appl	SimpleHighNumberPLOEG	5	2
506726	234.175876661663	Highway.node[26].appl	SimpleHighNumberPLOEG	5	2
5068345	726.370087559404	Highway.node[84].appl	SimpleHighNumberPLOEG	5	4
5308466	743.356684774056	Highway.node[94].appl	SimpleHighNumberPLOEG	5	2
537317	240.984637616212	Highway.node[0].appl	SimpleHighNumberPLOEG	5	8
5403578	749.931173240983	Highway.node[96].appl	SimpleHighNumberPLOEG	5	2
5462980	754.036316648553	Highway.node[88].appl	SimpleHighNumberPLOEG	5	4
5555185	760.367647095862	Highway.node[98].appl	SimpleHighNumberPLOEG	5	2
5614355	764.309313116017	Highway.node[64].appl	SimpleHighNumberPLOEG	5	12
5771889	774.820288013473	Highway.node[92].appl	SimpleHighNumberPLOEG	5	4
578529	249.800712057905	Highway.node[28].appl	SimpleHighNumberPLOEG	5	2
5798301	776.508365692021	Highway.node[100].appl	SimpleHighNumberPLOEG	5	2
5913155	784.161504324852	Highway.node[56].appl	SimpleHighNumberPLOEG	5	8
59650	83.276061358307	Highway.node[6].appl	SimpleHighNumberPLOEG	5	2
6122249	797.751591895877	Highway.node[102].appl	SimpleHighNumberPLOEG	5	2
6134577	798.491970520228	Highway.node[40].appl	SimpleHighNumberPLOEG	5	16
6156547	799.606053171382	Highway.node[76].appl	SimpleHighNumberPLOEG	5	8
6231418	804.388964651503	Highway.node[104].appl	SimpleHighNumberPLOEG	5	2
6323032	810.290513277398	Highway.node[96].appl	SimpleHighNumberPLOEG	5	4
653598	265.269727974749	Highway.node[30].appl	SimpleHighNumberPLOEG	5	2
6578494	826.471064275568	Highway.node[106].appl	SimpleHighNumberPLOEG	5	2
6818057	841.424959511517	Highway.node[108].appl	SimpleHighNumberPLOEG	5	2
7081552	857.432014223161	Highway.node[110].appl	SimpleHighNumberPLOEG	5	2
7140770	860.841500341273	Highway.node[100].appl	SimpleHighNumberPLOEG	5	4
7158229	861.818480683791	Highway.node[112].appl	SimpleHighNumberPLOEG	5	2
725108	278.94932980591	Highway.node[32].appl	SimpleHighNumberPLOEG	5	2
7390007	875.46687813178	Highway.node[28].appl	SimpleHighNumberPLOEG	5	8
7433772	877.978789457522	Highway.node[114].appl	SimpleHighNumberPLOEG	5	2
7461693	879.48277632227	Highway.node[92].appl	SimpleHighNumberPLOEG	5	8
7519017	882.713299407549	Highway.node[104].appl	SimpleHighNumberPLOEG	5	4
7681781	891.998394223548	Highway.node[116].appl	SimpleHighNumberPLOEG	5	2
773786	287.809195885408	Highway.node[16].appl	SimpleHighNumberPLOEG	5	4
778998	288.644029347925	Highway.node[34].appl	SimpleHighNumberPLOEG	5	2
7974450	908.416347299254	Highway.node[118].appl	SimpleHighNumberPLOEG	5	2
8143442	917.641451839381	Highway.node[112].appl	SimpleHighNumberPLOEG	5	4
8286145	925.314290907921	Highway.node[108].appl	SimpleHighNumberPLOEG	5	4
8450467	933.992833896359	Highway.node[120].appl	SimpleHighNumberPLOEG	5	2
8468883	934.936579499947	Highway.node[122].appl	SimpleHighNumberPLOEG	5	2
8683887	946.126857960754	Highway.node[116].appl	SimpleHighNumberPLOEG	5	4
8740094	948.958054609904	Highway.node[124].appl	SimpleHighNumberPLOEG	5	2
87829	100.020608115916	Highway.node[8].appl	SimpleHighNumberPLOEG	5	2
881714	307.297550955651	Highway.node[36].appl	SimpleHighNumberPLOEG	5	2
9170038	970.813576778242	Highway.node[126].appl	SimpleHighNumberPLOEG	5	2
941049	317.753318000488	Highway.node[38].appl	SimpleHighNumberPLOEG	5	2
9428876	983.682096117598	Highway.node[128].appl	SimpleHighNumberPLOEG	5	2
9589081	991.622260738277	Highway.node[130].appl	SimpleHighNumberPLOEG	5	2
990247	326.152934525784	Highway.node[24].appl	SimpleHighNumberPLOEG	5	4
1056828	336.972294113721	Highway.node[20].appl	SimpleHighNumberPLOEG	6	8
1098904	343.929632513809	Highway.node[40].appl	SimpleHighNumberPLOEG	6	2
1120026	347.311282370647	Highway.node[42].appl	SimpleHighNumberPLOEG	6	2
1121426	347.514621187413	Highway.node[28].appl	SimpleHighNumberPLOEG	6	4
1204075	360.841871453496	Highway.node[44].appl	SimpleHighNumberPLOEG	6	2
1230330	364.925645353829	Highway.node[36].appl	SimpleHighNumberPLOEG	6	4
12561	39.063184039639	Highway.node[0].appl	SimpleHighNumberPLOEG	6	2
126348	116.615522150201	Highway.node[10].appl	SimpleHighNumberPLOEG	6	2
1317640	377.980729771861	Highway.node[8].appl	SimpleHighNumberPLOEG	6	12
1347164	382.063162297263	Highway.node[46].appl	SimpleHighNumberPLOEG	6	2
1403569	389.942303270153	Highway.node[48].appl	SimpleHighNumberPLOEG	6	2
146615	125.363182617859	Highway.node[0].appl	SimpleHighNumberPLOEG	6	4
1511053	404.804306249143	Highway.node[40].appl	SimpleHighNumberPLOEG	6	4
1545517	409.294683734017	Highway.node[50].appl	SimpleHighNumberPLOEG	6	2
1589703	414.949412813717	Highway.node[32].appl	SimpleHighNumberPLOEG	6	4
164162	132.273130799721	Highway.node[12].appl	SimpleHighNumberPLOEG	6	2
1699278	429.14054194219	Highway.node[52].appl	SimpleHighNumberPLOEG	6	2
1809850	443.088404777218	Highway.node[54].appl	SimpleHighNumberPLOEG	6	2
1848005	447.607347396335	Highway.node[56].appl	SimpleHighNumberPLOEG	6	2
1874884	450.815331979345	Highway.node[48].appl	SimpleHighNumberPLOEG	6	4
188861	141.5712967229	Highway.node[4].appl	SimpleHighNumberPLOEG	6	4
1957492	460.903070550759	Highway.node[44].appl	SimpleHighNumberPLOEG	6	4
1977181	463.118649541327	Highway.node[58].appl	SimpleHighNumberPLOEG	6	2
2090809	476.424570448142	Highway.node[60].appl	SimpleHighNumberPLOEG	6	2
213276	150.100652840532	Highway.node[14].appl	SimpleHighNumberPLOEG	6	2
2187150	487.354528009526	Highway.node[52].appl	SimpleHighNumberPLOEG	6	4
2241835	493.465884531788	Highway.node[28].appl	SimpleHighNumberPLOEG	6	8
2333943	503.536012771546	Highway.node[62].appl	SimpleHighNumberPLOEG	6	2
234306	156.875781416088	Highway.node[16].appl	SimpleHighNumberPLOEG	6	2
2386293	509.208716526648	Highway.node[64].appl	SimpleHighNumberPLOEG	6	2
2539379	526.075405951449	Highway.node[66].appl	SimpleHighNumberPLOEG	6	2
260201	165.548298749553	Highway.node[8].appl	SimpleHighNumberPLOEG	6	4
2654460	538.422640779053	Highway.node[60].appl	SimpleHighNumberPLOEG	6	4
2662445	539.116470988783	Highway.node[56].appl	SimpleHighNumberPLOEG	6	4
2721164	545.208179619215	Highway.node[68].appl	SimpleHighNumberPLOEG	6	2
2815078	555.143187626975	Highway.node[20].appl	SimpleHighNumberPLOEG	6	16
28379	58.159679144516	Highway.node[2].appl	SimpleHighNumberPLOEG	6	2
2861730	559.704767486732	Highway.node[70].appl	SimpleHighNumberPLOEG	6	2
296006	176.158149860121	Highway.node[18].appl	SimpleHighNumberPLOEG	6	2
2980639	571.87444995422	Highway.node[64].appl	SimpleHighNumberPLOEG	6	4
2996446	573.40121640625	Highway.node[72].appl	SimpleHighNumberPLOEG	6	2
3085547	582.327068293832	Highway.node[36].appl	SimpleHighNumberPLOEG	6	8
3144352	588.084759771279	Highway.node[52].appl	SimpleHighNumberPLOEG	6	8
3155265	589.005440368651	Highway.node[74].appl	SimpleHighNumberPLOEG	6	2
3331250	606.10715723912	Highway.node[76].appl	SimpleHighNumberPLOEG	6	2
3402448	612.780665483498	Highway.node[44].appl	SimpleHighNumberPLOEG	6	8
3456613	617.690280580765	Highway.node[78].appl	SimpleHighNumberPLOEG	6	2
3610067	631.760093437222	Highway.node[80].appl	SimpleHighNumberPLOEG	6	2
3637466	634.170594187839	Highway.node[72].appl	SimpleHighNumberPLOEG	6	4
368009	196.213923184895	Highway.node[20].appl	SimpleHighNumberPLOEG	6	2
377307	198.426738863426	Highway.node[22].appl	SimpleHighNumberPLOEG	6	2
3787063	647.724500452934	Highway.node[82].appl	SimpleHighNumberPLOEG	6	2
3880815	655.873877714116	Highway.node[84].appl	SimpleHighNumberPLOEG	6	2
392694	202.242476668602	Highway.node[12].appl	SimpleHighNumberPLOEG	6	4
3959242	662.757260017452	Highway.node[60].appl	SimpleHighNumberPLOEG	6	8
4102103	674.824958266064	Highway.node[86].appl	SimpleHighNumberPLOEG	6	2
4198524	682.86853735766	Highway.node[80].appl	SimpleHighNumberPLOEG	6	4
4266838	688.385944800878	Highway.node[88].appl	SimpleHighNumberPLOEG	6	2
4280756	689.506052374447	Highway.node[68].appl	SimpleHighNumberPLOEG	6	4
4445240	702.676918309967	Highway.node[90].appl	SimpleHighNumberPLOEG	6	2
445391	215.77780203172	Highway.node[24].appl	SimpleHighNumberPLOEG	6	2
4586951	713.833103148125	Highway.node[84].appl	SimpleHighNumberPLOEG	6	4
4625760	716.790950492684	Highway.node[92].appl	SimpleHighNumberPLOEG	6	2
47911	73.794806990774	Highway.node[4].appl	SimpleHighNumberPLOEG	6	2
4894522	737.769358209652	Highway.node[94].appl	SimpleHighNumberPLOEG	6	2
4912784	739.105354151161	Highway.node[76].appl	SimpleHighNumberPLOEG	6	4
497529	228.597698053578	Highway.node[26].appl	SimpleHighNumberPLOEG	6	2
5093587	752.860422937262	Highway.node[96].appl	SimpleHighNumberPLOEG	6	2
5295102	767.927172818492	Highway.node[60].appl	SimpleHighNumberPLOEG	6	12
5298374	767.981676861034	Highway.node[98].appl	SimpleHighNumberPLOEG	6	2
5457167	779.65201747918	Highway.node[100].appl	SimpleHighNumberPLOEG	6	2
5508175	783.299848519675	Highway.node[72].appl	SimpleHighNumberPLOEG	6	8
5534344	785.072090568784	Highway.node[80].appl	SimpleHighNumberPLOEG	6	8
5564784	787.136494417793	Highway.node[92].appl	SimpleHighNumberPLOEG	6	4
5598514	789.539837645298	Highway.node[102].appl	SimpleHighNumberPLOEG	6	2
571938	245.660523015395	Highway.node[28].appl	SimpleHighNumberPLOEG	6	2
576880	246.65449667448	Highway.node[20].appl	SimpleHighNumberPLOEG	6	4
5892528	810.004026285279	Highway.node[104].appl	SimpleHighNumberPLOEG	6	2
6021552	818.820896535569	Highway.node[106].appl	SimpleHighNumberPLOEG	6	2
6079334	822.706124324349	Highway.node[96].appl	SimpleHighNumberPLOEG	6	4
6223322	832.354802345526	Highway.node[108].appl	SimpleHighNumberPLOEG	6	2
628910	257.706665797999	Highway.node[30].appl	SimpleHighNumberPLOEG	6	2
6465497	848.333382086445	Highway.node[100].appl	SimpleHighNumberPLOEG	6	4
6538775	853.051026394796	Highway.node[110].appl	SimpleHighNumberPLOEG	6	2
6658872	860.727276415353	Highway.node[88].appl	SimpleHighNumberPLOEG	6	4
6718714	864.404750014354	Highway.node[104].appl	SimpleHighNumberPLOEG	6	4
6791809	868.954475182151	Highway.node[112].appl	SimpleHighNumberPLOEG	6	2
6940732	878.245852889798	Highway.node[114].appl	SimpleHighNumberPLOEG	6	2
7239056	896.799900642938	Highway.node[116].appl	SimpleHighNumberPLOEG	6	2
7252036	897.588757596613	Highway.node[80].appl	SimpleHighNumberPLOEG	6	12
73229	89.871987535262	Highway.node[6].appl	SimpleHighNumberPLOEG	6	2
733090	279.151420935731	Highway.node[32].appl	SimpleHighNumberPLOEG	6	2
7334749	902.566404670339	Highway.node[108].appl	SimpleHighNumberPLOEG	6	4
7342066	902.902070445337	Highway.node[118].appl	SimpleHighNumberPLOEG	6	2
735608	279.57567751309	Highway.node[8].appl	SimpleHighNumberPLOEG	6	8
7680339	923.59445724892	Highway.node[112].appl	SimpleHighNumberPLOEG	6	4
7749779	927.727521706761	Highway.node[120].appl	SimpleHighNumberPLOEG	6	2
7778774	929.413792625577	Highway.node[92].appl	SimpleHighNumberPLOEG	6	8
779208	287.738348024795	Highway.node[34].appl	SimpleHighNumberPLOEG	6	2
7914726	937.392357668007	Highway.node[122].appl	SimpleHighNumberPLOEG	6	2
7930999	938.308337331751	Highway.node[44].appl	SimpleHighNumberPLOEG	6	16
8223396	955.199132684043	Highway.node[124].appl	SimpleHighNumberPLOEG	6	2
8270542	957.902291641559	Highway.node[100].appl	SimpleHighNumberPLOEG	6	8
8427891	966.813882602314	Highway.node[126].appl	SimpleHighNumberPLOEG	6	2
8722571	983.39418903105	Highway.node[128].appl	SimpleHighNumberPLOEG	6	2
8733717	983.93414494005	Highway.node[120].appl	SimpleHighNumberPLOEG	6	4
874492	305.605303381171	Highway.node[36].appl	SimpleHighNumberPLOEG	6	2
8816123	988.531842975437	Highway.node[116].appl	SimpleHighNumberPLOEG	6	4
8863878	991.013224238658	Highway.node[130].appl	SimpleHighNumberPLOEG	6	2
88995	97.96714100857	Highway.node[8].appl	SimpleHighNumberPLOEG	6	2
947507	318.625170833424	Highway.node[16].appl	SimpleHighNumberPLOEG	6	4
977855	323.752645288376	Highway.node[24].appl	SimpleHighNumberPLOEG	6	4
987522	325.304040387833	Highway.node[38].appl	SimpleHighNumberPLOEG	6	2
1015353	333.934590430296	Highway.node[40].appl	SimpleHighNumberPLOEG	7	2
1091014	346.178670973763	Highway.node[42].appl	SimpleHighNumberPLOEG	7	2
116306	113.798910863293	Highway.node[10].appl	SimpleHighNumberPLOEG	7	2
1169920	358.24775807793	Highway.node[36].appl	SimpleHighNumberPLOEG	7	4
1213379	364.604257133078	Highway.node[44].appl	SimpleHighNumberPLOEG	7	2
1250108	370.063036629081	Highway.node[32].appl	SimpleHighNumberPLOEG	7	4
1356198	385.109648990835	Highway.node[46].appl	SimpleHighNumberPLOEG	7	2
1413644	392.957511317488	Highway.node[48].appl	SimpleHighNumberPLOEG	7	2
1430359	395.204256559958	Highway.node[40].appl	SimpleHighNumberPLOEG	7	4
151317	129.785349240474	Highway.node[12].appl	SimpleHighNumberPLOEG	7	2
1534675	409.109618205718	Highway.node[50].appl	SimpleHighNumberPLOEG	7	2
1603097	418.111030781595	Highway.node[52].appl	SimpleHighNumberPLOEG	7	2
1740778	435.518515845874	Highway.node[54].appl	SimpleHighNumberPLOEG	7	2
1852336	449.167050956824	Highway.node[56].appl	SimpleHighNumberPLOEG	7	2
1974526	463.621656793616	Highway.node[58].appl	SimpleHighNumberPLOEG	7	2
202454	150.256511818837	Highway.node[14].appl	SimpleHighNumberPLOEG	7	2
20369	50.84321753341	Highway.node[0].appl	SimpleHighNumberPLOEG	7	2
2050727	472.258075048317	Highway.node[28].appl	SimpleHighNumberPLOEG	7	8
2076419	475.031738216429	Highway.node[36].appl	SimpleHighNumberPLOEG	7	8
2103333	477.812287940147	Highway.node[60].appl	SimpleHighNumberPLOEG	7	2
2208583	489.218464765053	Highway.node[44].appl	SimpleHighNumberPLOEG	7	4
2294840	498.212247884031	Highway.node[62].appl	SimpleHighNumberPLOEG	7	2
2433797	512.324803135661	Highway.node[48].appl	SimpleHighNumberPLOEG	7	4
2449204	513.847793429151	Highway.node[64].appl	SimpleHighNumberPLOEG	7	2
2504410	519.293216807549	Highway.node[56].appl	SimpleHighNumberPLOEG	7	4
251496	167.501911205225	Highway.node[16].appl	SimpleHighNumberPLOEG	7	2
255110	168.531831880593	Highway.node[8].appl	SimpleHighNumberPLOEG	7	4
2567691	525.360422193938	Highway.node[66].appl	SimpleHighNumberPLOEG	7	2
26212	56.468829710554	Highway.node[2].appl	SimpleHighNumberPLOEG	7	2
2671000	535.500822183631	Highway.node[60].appl	SimpleHighNumberPLOEG	7	4
2688178	537.097367845335	Highway.node[68].appl	SimpleHighNumberPLOEG	7	2
2819640	549.433222282573	Highway.node[70].appl	SimpleHighNumberPLOEG	7	2
286727	179.150759131178	Highway.node[18].appl	SimpleHighNumberPLOEG	7	2
299360	182.995144889049	Highway.node[0].appl	SimpleHighNumberPLOEG	7	4
3083317	573.455085150737	Highway.node[72].appl	SimpleHighNumberPLOEG	7	2
3157831	580.039165258337	Highway.node[74].appl	SimpleHighNumberPLOEG	7	2
3354217	596.638639141531	Highway.node[68].appl	SimpleHighNumberPLOEG	7	4
3366255	597.589016400599	Highway.node[52].appl	SimpleHighNumberPLOEG	7	4
3443601	604.075956317836	Highway.node[76].appl	SimpleHighNumberPLOEG	7	2
3475011	606.517470111277	Highway.node[44].appl	SimpleHighNumberPLOEG	7	8
347631	197.675264559209	Highway.node[4].appl	SimpleHighNumberPLOEG	7	4
3499900	608.369607264162	Highway.node[78].appl	SimpleHighNumberPLOEG	7	2
3699570	624.427621582924	Highway.node[80].appl	SimpleHighNumberPLOEG	7	2
3786706	631.252591273188	Highway.node[72].appl	SimpleHighNumberPLOEG	7	4
3861700	637.056404836852	Highway.node[82].appl	SimpleHighNumberPLOEG	7	2
4109154	655.659660041329	Highway.node[84].appl	SimpleHighNumberPLOEG	7	2
42163	70.294998337383	Highway.node[4].appl	SimpleHighNumberPLOEG	7	2
422830	218.22943407066	Highway.node[16].appl	SimpleHighNumberPLOEG	7	4
4272931	667.765272047384	Highway.node[86].appl	SimpleHighNumberPLOEG	7	2
451582	225.242939884609	Highway.node[24].appl	SimpleHighNumberPLOEG	7	2
4517606	685.366010786672	Highway.node[88].appl	SimpleHighNumberPLOEG	7	2
4547305	687.428641227456	Highway.node[80].appl	SimpleHighNumberPLOEG	7	4
4657202	695.150282574957	Highway.node[64].appl	SimpleHighNumberPLOEG	7	4
4688378	697.228526614075	Highway.node[90].appl	SimpleHighNumberPLOEG	7	2
4844798	708.208322908376	Highway.node[92].appl	SimpleHighNumberPLOEG	7	2
491247	234.624999320415	Highway.node[26].appl	SimpleHighNumberPLOEG	7	2
5074647	723.997510776165	Highway.node[84].appl	SimpleHighNumberPLOEG	7	4
5130138	727.584436464096	Highway.node[36].appl	SimpleHighNumberPLOEG	7	16
5189870	731.392456017234	Highway.node[94].appl	SimpleHighNumberPLOEG	7	2
5354380	742.292917777314	Highway.node[76].appl	SimpleHighNumberPLOEG	7	4
5356077	742.34007573556	Highway.node[96].appl	SimpleHighNumberPLOEG	7	2
542108	246.064199552926	Highway.node[28].appl	SimpleHighNumberPLOEG	7	2
5512363	752.453795643056	Highway.node[72].appl	SimpleHighNumberPLOEG	7	8
551752	248.105633500271	Highway.node[12].appl	SimpleHighNumberPLOEG	7	4
5582550	756.989848218032	Highway.node[88].appl	SimpleHighNumberPLOEG	7	4
5598921	757.979093011824	Highway.node[98].appl	SimpleHighNumberPLOEG	7	2
5710705	765.064414594184	Highway.node[52].appl	SimpleHighNumberPLOEG	7	8
5818790	771.711406574524	Highway.node[100].appl	SimpleHighNumberPLOEG	7	2
5837999	772.935298151097	Highway.node[60].appl	SimpleHighNumberPLOEG	7	8
5992035	782.360114563997	Highway.node[102].appl	SimpleHighNumberPLOEG	7	2
6059431	786.431117958029	Highway.node[92].appl	SimpleHighNumberPLOEG	7	4
6283653	800.186011715559	Highway.node[96].appl	SimpleHighNumberPLOEG	7	4
6374926	805.670973892139	Highway.node[104].appl	SimpleHighNumberPLOEG	7	2
638322	266.60414981115	Highway.node[30].appl	SimpleHighNumberPLOEG	7	2
6445725	809.974692124896	Highway.node[80].appl	SimpleHighNumberPLOEG	7	8
6543339	815.630554243347	Highway.node[106].appl	SimpleHighNumberPLOEG	7	2
662469	271.303314515052	Highway.node[8].appl	SimpleHighNumberPLOEG	7	8
6781437	829.63460651362	Highway.node[108].appl	SimpleHighNumberPLOEG	7	2
7028610	844.046117282009	Highway.node[110].appl	SimpleHighNumberPLOEG	7	2
714382	281.42198938994	Highway.node[32].appl	SimpleHighNumberPLOEG	7	2
7309548	860.008054959957	Highway.node[104].appl	SimpleHighNumberPLOEG	7	4
7361939	862.866771362476	Highway.node[112].appl	SimpleHighNumberPLOEG	7	2
74631	92.432004397477	Highway.node[6].appl	SimpleHighNumberPLOEG	7	2
7489942	869.960291383632	Highway.node[114].appl	SimpleHighNumberPLOEG	7	2
7707540	881.878928668447	Highway.node[116].appl	SimpleHighNumberPLOEG	7	2
783223	294.4269450312	Highway.node[34].appl	SimpleHighNumberPLOEG	7	2
7938655	894.362285812929	Highway.node[88].appl	SimpleHighNumberPLOEG	7	8
8018739	898.523045098383	Highway.node[118].appl	SimpleHighNumberPLOEG	7	2
8271915	912.04441029896	Highway.node[100].appl	SimpleHighNumberPLOEG	7	4
830187	302.864984941136	Highway.node[36].appl	SimpleHighNumberPLOEG	7	2
8363573	916.74321223295	Highway.node[120].appl	SimpleHighNumberPLOEG	7	2
8535667	925.75554398512	Highway.node[122].appl	SimpleHighNumberPLOEG	7	2
8682818	933.333023886108	Highway.node[112].appl	SimpleHighNumberPLOEG	7	4
8848467	941.802191762367	Highway.node[116].appl	SimpleHighNumberPLOEG	7	4
8964828	947.674699401369	Highway.node[124].appl	SimpleHighNumberPLOEG	7	2
9205824	959.688100218736	Highway.node[126].appl	SimpleHighNumberPLOEG	7	2
93013	102.279261723861	Highway.node[8].appl	SimpleHighNumberPLOEG	7	2
9392802	968.77559088482	Highway.node[120].appl	SimpleHighNumberPLOEG	7	4
940005	321.915715683888	Highway.node[24].appl	SimpleHighNumberPLOEG	7	4
9412985	969.698194433542	Highway.node[128].appl	SimpleHighNumberPLOEG	7	2
948359	323.110268796741	Highway.node[38].appl	SimpleHighNumberPLOEG	7	2
9519973	974.9273203783	Highway.node[96].appl	SimpleHighNumberPLOEG	7	8
971245	326.760196716155	Highway.node[28].appl	SimpleHighNumberPLOEG	7	4
9833289	990.000131316512	Highway.node[130].appl	SimpleHighNumberPLOEG	7	2
9995067	997.62415327226	Highway.node[132].appl	SimpleHighNumberPLOEG	7	2
1053285	331.976951593167	Highway.node[40].appl	SimpleHighNumberPLOEG	8	2
1181269	352.535563489777	Highway.node[16].appl	SimpleHighNumberPLOEG	8	8
1203798	355.83930902374	Highway.node[42].appl	SimpleHighNumberPLOEG	8	2
1219207	357.857894703039	Highway.node[36].appl	SimpleHighNumberPLOEG	8	4
1233377	359.916273678833	Highway.node[44].appl	SimpleHighNumberPLOEG	8	2
1241673	361.089700225219	Highway.node[32].appl	SimpleHighNumberPLOEG	8	4
1249570	362.151373391385	Highway.node[4].appl	SimpleHighNumberPLOEG	8	8
126752	116.461880104307	Highway.node[10].appl	SimpleHighNumberPLOEG	8	2
1326820	373.42605676657	Highway.node[46].appl	SimpleHighNumberPLOEG	8	2
1424937	387.467004974954	Highway.node[48].appl	SimpleHighNumberPLOEG	8	2
143580	123.040063467656	Highway.node[12].appl	SimpleHighNumberPLOEG	8	2
144654	123.111117583262	Highway.node[4].appl	SimpleHighNumberPLOEG	8	4
1512234	399.40777632908	Highway.node[40].appl	SimpleHighNumberPLOEG	8	4
1523459	400.872574475578	Highway.node[50].appl	SimpleHighNumberPLOEG	8	2
16478	46.396545692975	Highway.node[0].appl	SimpleHighNumberPLOEG	8	2
1657489	418.249651845741	Highway.node[52].appl	SimpleHighNumberPLOEG	8	2
1749051	429.73297044559	Highway.node[54].appl	SimpleHighNumberPLOEG	8	2
1793457	435.12817102415	Highway.node[44].appl	SimpleHighNumberPLOEG	8	4
190386	140.430023107316	Highway.node[0].appl	SimpleHighNumberPLOEG	8	4
1907479	449.145743481134	Highway.node[56].appl	SimpleHighNumberPLOEG	8	2
198604	143.133219379329	Highway.node[14].appl	SimpleHighNumberPLOEG	8	2
1987045	458.652228573843	Highway.node[58].appl	SimpleHighNumberPLOEG	8	2
1988276	458.717120192194	Highway.node[48].appl	SimpleHighNumberPLOEG	8	4
2138127	475.708168768313	Highway.node[60].appl	SimpleHighNumberPLOEG	8	2
2156127	477.605872108558	Highway.node[36].appl	SimpleHighNumberPLOEG	8	8
226130	152.087106824462	Highway.node[16].appl	SimpleHighNumberPLOEG	8	2
2317328	494.96221232425	Highway.node[62].appl	SimpleHighNumberPLOEG	8	2
2363153	499.575741787169	Highway.node[28].appl	SimpleHighNumberPLOEG	8	8
2390287	502.196940701331	Highway.node[64].appl	SimpleHighNumberPLOEG	8	2
2401557	503.325088384422	Highway.node[52].appl	SimpleHighNumberPLOEG	8	4
2444509	507.546990962991	Highway.node[56].appl	SimpleHighNumberPLOEG	8	4
2489472	511.970679205894	Highway.node[66].appl	SimpleHighNumberPLOEG	8	2
2646553	527.563843775038	Highway.node[68].appl	SimpleHighNumberPLOEG	8	2
279230	168.921870137074	Highway.node[18].appl	SimpleHighNumberPLOEG	8	2
2854224	547.578740566963	Highway.node[16].appl	SimpleHighNumberPLOEG	8	12
2859794	547.838944932022	Highway.node[70].appl	SimpleHighNumberPLOEG	8	2
3019797	562.822971738783	Highway.node[72].appl	SimpleHighNumberPLOEG	8	2
3038260	564.425931570531	Highway.node[64].appl	SimpleHighNumberPLOEG	8	4
311955	178.559581977806	Highway.node[20].appl	SimpleHighNumberPLOEG	8	2
3135474	573.30267180434	Highway.node[74].appl	SimpleHighNumberPLOEG	8	2
3193508	578.545946187984	Highway.node[60].appl	SimpleHighNumberPLOEG	8	4
3222590	581.044748949831	Highway.node[68].appl	SimpleHighNumberPLOEG	8	4
3384634	595.756775320772	Highway.node[76].appl	SimpleHighNumberPLOEG	8	2
34189	64.564328471922	Highway.node[2].appl	SimpleHighNumberPLOEG	8	2
3470934	603.288819975899	Highway.node[78].appl	SimpleHighNumberPLOEG	8	2
3510618	606.605425619205	Highway.node[56].appl	SimpleHighNumberPLOEG	8	8
3528294	607.988981708053	Highway.node[48].appl	SimpleHighNumberPLOEG	8	8
3653761	618.441888489022	Highway.node[80].appl	SimpleHighNumberPLOEG	8	2
366346	194.037808112266	Highway.node[12].appl	SimpleHighNumberPLOEG	8	4
367812	194.101472014969	Highway.node[8].appl	SimpleHighNumberPLOEG	8	4
3882604	637.166091425159	Highway.node[82].appl	SimpleHighNumberPLOEG	8	2
3997632	646.330333732383	Highway.node[76].appl	SimpleHighNumberPLOEG	8	4
4026479	648.468148527673	Highway.node[84].appl	SimpleHighNumberPLOEG	8	2
412022	205.703460229646	Highway.node[22].appl	SimpleHighNumberPLOEG	8	2
42300	70.141539918854	Highway.node[4].appl	SimpleHighNumberPLOEG	8	2
4388462	676.679297752137	Highway.node[86].appl	SimpleHighNumberPLOEG	8	2
4449884	681.236274689517	Highway.node[88].appl	SimpleHighNumberPLOEG	8	2
456029	216.799606246701	Highway.node[16].appl	SimpleHighNumberPLOEG	8	4
4775744	705.66637928946	Highway.node[90].appl	SimpleHighNumberPLOEG	8	2
4832991	709.817672424408	Highway.node[92].appl	SimpleHighNumberPLOEG	8	2
4872510	712.633313656198	Highway.node[80].appl	SimpleHighNumberPLOEG	8	4
4900993	714.589564852258	Highway.node[72].appl	SimpleHighNumberPLOEG	8	4
505272	228.380071539819	Highway.node[24].appl	SimpleHighNumberPLOEG	8	2
5094382	728.642520074947	Highway.node[94].appl	SimpleHighNumberPLOEG	8	2
517907	231.178744193431	Highway.node[26].appl	SimpleHighNumberPLOEG	8	2
5313532	744.278937359963	Highway.node[96].appl	SimpleHighNumberPLOEG	8	2
5488914	756.51980890038	Highway.node[84].appl	SimpleHighNumberPLOEG	8	4
5610888	764.902915964375	Highway.node[98].appl	SimpleHighNumberPLOEG	8	2
5664960	768.496033296956	Highway.node[100].appl	SimpleHighNumberPLOEG	8	2
589618	247.168026587075	Highway.node[28].appl	SimpleHighNumberPLOEG	8	2
5900277	784.40866979228	Highway.node[64].appl	SimpleHighNumberPLOEG	8	8
5951717	787.658687636468	Highway.node[102].appl	SimpleHighNumberPLOEG	8	2
60383	82.319708016074	Highway.node[6].appl	SimpleHighNumberPLOEG	8	2
6063267	794.913769757509	Highway.node[104].appl	SimpleHighNumberPLOEG	8	2
6115720	798.286747527349	Highway.node[92].appl	SimpleHighNumberPLOEG	8	4
6328846	811.850885647778	Highway.node[76].appl	SimpleHighNumberPLOEG	8	8
6387657	815.477008360297	Highway.node[96].appl	SimpleHighNumberPLOEG	8	4
6395079	815.870949372934	Highway.node[106].appl	SimpleHighNumberPLOEG	8	2
644899	258.849684882828	Highway.node[30].appl	SimpleHighNumberPLOEG	8	2
6575046	827.03985296907	Highway.node[100].appl	SimpleHighNumberPLOEG	8	4
6598701	828.435418034324	Highway.node[108].appl	SimpleHighNumberPLOEG	8	2
6672470	832.90555823883	Highway.node[88].appl	SimpleHighNumberPLOEG	8	4
6799633	840.678897865422	Highway.node[110].appl	SimpleHighNumberPLOEG	8	2
6994071	852.69282567196	Highway.node[112].appl	SimpleHighNumberPLOEG	8	2
734434	276.387283297336	Highway.node[32].appl	SimpleHighNumberPLOEG	8	2
7383124	876.221612209553	Highway.node[114].appl	SimpleHighNumberPLOEG	8	2
7590677	888.569458745142	Highway.node[116].appl	SimpleHighNumberPLOEG	8	2
7688029	894.288355696066	Highway.node[108].appl	SimpleHighNumberPLOEG	8	4
7772524	899.133206736263	Highway.node[118].appl	SimpleHighNumberPLOEG	8	2
782015	285.248914288768	Highway.node[20].appl	SimpleHighNumberPLOEG	8	4
8112224	918.463036049639	Highway.node[120].appl	SimpleHighNumberPLOEG	8	2
812865	290.66259591436	Highway.node[34].appl	SimpleHighNumberPLOEG	8	2
8170158	921.644396028542	Highway.node[56].appl	SimpleHighNumberPLOEG	8	16
825564	292.733352198887	Highway.node[24].appl	SimpleHighNumberPLOEG	8	4
8338503	930.695291786958	Highway.node[122].appl	SimpleHighNumberPLOEG	8	2
84699	96.211068395319	Highway.node[8].appl	SimpleHighNumberPLOEG	8	2
8484209	938.648964262517	Highway.node[124].appl	SimpleHighNumberPLOEG	8	2
8492660	939.065769392248	Highway.node[96].appl	SimpleHighNumberPLOEG	8	8
8640447	946.951783126714	Highway.node[116].appl	SimpleHighNumberPLOEG	8	4
865539	299.85000190577	Highway.node[36].appl	SimpleHighNumberPLOEG	8	2
8865084	958.972131617081	Highway.node[126].appl	SimpleHighNumberPLOEG	8	2
8865891	958.980104120044	Highway.node[84].appl	SimpleHighNumberPLOEG	8	8
8937103	962.684511868256	Highway.node[104].appl	SimpleHighNumberPLOEG	8	4
9043260	968.313171785634	Highway.node[128].appl	SimpleHighNumberPLOEG	8	2
9229781	978.239233032328	Highway.node[120].appl	SimpleHighNumberPLOEG	8	4
930122	311.186692441215	Highway.node[28].appl	SimpleHighNumberPLOEG	8	4
9361694	985.149518033722	Highway.node[130].appl	SimpleHighNumberPLOEG	8	2
983586	320.375555421972	Highway.node[38].appl	SimpleHighNumberPLOEG	8	2
1063458	330.190082864266	Highway.node[40].appl	SimpleHighNumberPLOEG	9	2
1100036	335.930540320184	Highway.node[32].appl	SimpleHighNumberPLOEG	9	4
120352	112.42960943867	Highway.node[0].appl	SimpleHighNumberPLOEG	9	4
1212191	353.461852962002	Highway.node[42].appl	SimpleHighNumberPLOEG	9	2
1255045	359.852432146128	Highway.node[28].appl	SimpleHighNumberPLOEG	9	4
1299979	366.443980322546	Highway.node[44].appl	SimpleHighNumberPLOEG	9	2
134030	118.136869421179	Highway.node[10].appl	SimpleHighNumberPLOEG	9	2
1391465	380.08596560746	Highway.node[46].appl	SimpleHighNumberPLOEG	9	2
141921	120.747475080687	Highway.node[4].appl	SimpleHighNumberPLOEG	9	4
1434240	386.198396486671	Highway.node[0].appl	SimpleHighNumberPLOEG	9	12
14708	41.296666660406	Highway.node[0].appl	SimpleHighNumberPLOEG	9	2
1487256	393.595128978361	Highway.node[48].appl	SimpleHighNumberPLOEG	9	2
1634003	414.346474063195	Highway.node[50].appl	SimpleHighNumberPLOEG	9	2
165731	130.088980894664	Highway.node[12].appl	SimpleHighNumberPLOEG	9	2
1660153	417.704583736434	Highway.node[40].appl	SimpleHighNumberPLOEG	9	4
1715895	425.238401190516	Highway.node[36].appl	SimpleHighNumberPLOEG	9	4
1761508	431.047621702564	Highway.node[44].appl	SimpleHighNumberPLOEG	9	4
1779143	433.284466318694	Highway.node[32].appl	SimpleHighNumberPLOEG	9	8
1827059	439.389708659076	Highway.node[52].appl	SimpleHighNumberPLOEG	9	2
1945136	454.313998836988	Highway.node[54].appl	SimpleHighNumberPLOEG	9	2
1969951	457.104624189478	Highway.node[48].appl	SimpleHighNumberPLOEG	9	4
2016208	462.65698354733	Highway.node[56].appl	SimpleHighNumberPLOEG	9	2
208446	145.398290237229	Highway.node[14].appl	SimpleHighNumberPLOEG	9	2
2120004	474.880450572627	Highway.node[58].appl	SimpleHighNumberPLOEG	9	2
2205465	484.603950974714	Highway.node[60].appl	SimpleHighNumberPLOEG	9	2
2331207	498.485050327333	Highway.node[62].appl	SimpleHighNumberPLOEG	9	2
2484342	514.844832781891	Highway.node[24].appl	SimpleHighNumberPLOEG	9	8
254104	160.157855066389	Highway.node[16].appl	SimpleHighNumberPLOEG	9	2
2564355	523.01241665891	Highway.node[56].appl	SimpleHighNumberPLOEG	9	4
2586081	525.234498711558	Highway.node[64].appl	SimpleHighNumberPLOEG	9	2
2674049	534.256286206748	Highway.node[66].appl	SimpleHighNumberPLOEG	9	2
2702374	536.940937776443	Highway.node[60].appl	SimpleHighNumberPLOEG	9	4
2754876	542.218477884846	Highway.node[68].appl	SimpleHighNumberPLOEG	9	2
28142	56.271305719256	Highway.node[2].appl	SimpleHighNumberPLOEG	9	2
2894672	555.943599826592	Highway.node[52].appl	SimpleHighNumberPLOEG	9	4
2966661	562.786523073696	Highway.node[70].appl	SimpleHighNumberPLOEG	9	2
303380	174.717212615554	Highway.node[18].appl	SimpleHighNumberPLOEG	9	2
3055435	571.138876154448	Highway.node[72].appl	SimpleHighNumberPLOEG	9	2
3255916	589.418652212548	Highway.node[20].appl	SimpleHighNumberPLOEG	9	12
3289557	592.253081998065	Highway.node[74].appl	SimpleHighNumberPLOEG	9	2
3380559	600.170381157792	Highway.node[68].appl	SimpleHighNumberPLOEG	9	4
3460310	607.047850909379	Highway.node[64].appl	SimpleHighNumberPLOEG	9	4
346896	186.420063812711	Highway.node[20].appl	SimpleHighNumberPLOEG	9	2
3470100	607.765727310891	Highway.node[76].appl	SimpleHighNumberPLOEG	9	2
3558776	615.294619054752	Highway.node[78].appl	SimpleHighNumberPLOEG	9	2
363412	190.725306526972	Highway.node[12].appl	SimpleHighNumberPLOEG	9	4
3644839	622.388692290666	Highway.node[44].appl	SimpleHighNumberPLOEG	9	8
3751800	631.178605078137	Highway.node[80].appl	SimpleHighNumberPLOEG	9	2
3962411	648.625131550923	Highway.node[82].appl	SimpleHighNumberPLOEG	9	2
401577	200.450295832463	Highway.node[8].appl	SimpleHighNumberPLOEG	9	4
41764	67.446036585963	Highway.node[4].appl	SimpleHighNumberPLOEG	9	2
4184628	666.645236664881	Highway.node[76].appl	SimpleHighNumberPLOEG	9	4
4226339	669.911342646588	Highway.node[84].appl	SimpleHighNumberPLOEG	9	2
4324387	677.604264909254	Highway.node[86].appl	SimpleHighNumberPLOEG	9	2
443752	210.60986290495	Highway.node[22].appl	SimpleHighNumberPLOEG	9	2
4543759	694.540989321256	Highway.node[88].appl	SimpleHighNumberPLOEG	9	2
4654844	702.914952036196	Highway.node[56].appl	SimpleHighNumberPLOEG	9	8
4809978	714.399775343058	Highway.node[90].appl	SimpleHighNumberPLOEG	9	2
4818619	715.028752669289	Highway.node[40].appl	SimpleHighNumberPLOEG	9	12
4887170	719.854604710892	Highway.node[92].appl	SimpleHighNumberPLOEG	9	2
490873	221.687068393138	Highway.node[4].appl	SimpleHighNumberPLOEG	9	8
5030026	730.426023372452	Highway.node[72].appl	SimpleHighNumberPLOEG	9	4
505139	224.607771571218	Highway.node[24].appl	SimpleHighNumberPLOEG	9	2
5093565	734.938976645063	Highway.node[94].appl	SimpleHighNumberPLOEG	9	2
5279904	748.392715805087	Highway.node[96].appl	SimpleHighNumberPLOEG	9	2
5375211	755.166485439927	Highway.node[84].appl	SimpleHighNumberPLOEG	9	4
5436009	759.386978278297	Highway.node[80].appl	SimpleHighNumberPLOEG	9	4
551116	234.941333917716	Highway.node[26].appl	SimpleHighNumberPLOEG	9	2
5517361	764.892646403094	Highway.node[52].appl	SimpleHighNumberPLOEG	9	12
5546254	766.742667200851	Highway.node[98].appl	SimpleHighNumberPLOEG	9	2
5591760	769.780544320729	Highway.node[76].appl	SimpleHighNumberPLOEG	9	8
5736811	779.638796148858	Highway.node[100].appl	SimpleHighNumberPLOEG	9	2
5968500	795.160835370208	Highway.node[102].appl	SimpleHighNumberPLOEG	9	2
612439	247.926312829585	Highway.node[28].appl	SimpleHighNumberPLOEG	9	2
6125976	805.294720133956	Highway.node[104].appl	SimpleHighNumberPLOEG	9	2
6226830	811.73734869263	Highway.node[92].appl	SimpleHighNumberPLOEG	9	4
6288220	815.576758587417	Highway.node[96].appl	SimpleHighNumberPLOEG	9	4
63560	82.549948621854	Highway.node[6].appl	SimpleHighNumberPLOEG	9	2
6387144	821.670420556984	Highway.node[106].appl	SimpleHighNumberPLOEG	9	2
6527541	830.279951917817	Highway.node[100].appl	SimpleHighNumberPLOEG	9	4
6571682	832.883280198231	Highway.node[108].appl	SimpleHighNumberPLOEG	9	2
6730808	842.437168597151	Highway.node[88].appl	SimpleHighNumberPLOEG	9	4
6826886	847.974640283969	Highway.node[110].appl	SimpleHighNumberPLOEG	9	2
7156361	866.784995769932	Highway.node[112].appl	SimpleHighNumberPLOEG	9	2
719175	269.52838696527	Highway.node[30].appl	SimpleHighNumberPLOEG	9	2
726239	270.760314378782	Highway.node[16].appl	SimpleHighNumberPLOEG	9	4
7434893	881.778931080899	Highway.node[114].appl	SimpleHighNumberPLOEG	9	2
7593123	889.923982273815	Highway.node[116].appl	SimpleHighNumberPLOEG	9	2
763544	277.615299947824	Highway.node[32].appl	SimpleHighNumberPLOEG	9	2
7792643	899.991393232757	Highway.node[108].appl	SimpleHighNumberPLOEG	9	4
7867665	903.717607738419	Highway.node[118].appl	SimpleHighNumberPLOEG	9	2
792769	283.348608869116	Highway.node[20].appl	SimpleHighNumberPLOEG	9	4
8001643	910.367308569309	Highway.node[104].appl	SimpleHighNumberPLOEG	9	4
8033116	911.877486516074	Highway.node[68].appl	SimpleHighNumberPLOEG	9	8
8133201	916.695692530054	Highway.node[120].appl	SimpleHighNumberPLOEG	9	2
8220031	920.933528535631	Highway.node[112].appl	SimpleHighNumberPLOEG	9	4
823198	288.854742857382	Highway.node[12].appl	SimpleHighNumberPLOEG	9	8
837615	291.348420221544	Highway.node[24].appl	SimpleHighNumberPLOEG	9	4
839551	291.503891159062	Highway.node[34].appl	SimpleHighNumberPLOEG	9	2
8434267	931.403531511721	Highway.node[122].appl	SimpleHighNumberPLOEG	9	2
8509182	935.069971307352	Highway.node[96].appl	SimpleHighNumberPLOEG	9	8
8780083	948.166443751886	Highway.node[84].appl	SimpleHighNumberPLOEG	9	8
8782287	948.174854264303	Highway.node[124].appl	SimpleHighNumberPLOEG	9	2
8983530	957.752412539002	Highway.node[52].appl	SimpleHighNumberPLOEG	9	16
91457	98.567635859624	Highway.node[8].appl	SimpleHighNumberPLOEG	9	2
9194164	967.590878274171	Highway.node[126].appl	SimpleHighNumberPLOEG	9	2
920740	306.048607033478	Highway.node[36].appl	SimpleHighNumberPLOEG	9	2
9235819	969.45934314402	Highway.node[120].appl	SimpleHighNumberPLOEG	9	4
9391793	976.823779531231	Highway.node[128].appl	SimpleHighNumberPLOEG	9	2
9595312	986.375341691378	Highway.node[130].appl	SimpleHighNumberPLOEG	9	2
998464	319.379324496197	Highway.node[38].appl	SimpleHighNumberPLOEG	9	2
